data_jogo,fixture_id,liga,time_casa,time_fora,mercado,linha,prob_over,odd_justa,total_esperado,resultado_real,hit
2026-09-24,1545601,UEFA Nations League,Andorra,Malta,escanteios,7.5,65.4,1.528,9.6,,
2026-09-24,1545601,UEFA Nations League,Andorra,Malta,escanteios,8.5,55.8,1.792,9.6,,
2026-09-24,1545601,UEFA Nations League,Andorra,Malta,escanteios,9.5,46.4,2.155,9.6,,
2026-09-24,1545601,UEFA Nations League,Andorra,Malta,escanteios,10.5,37.6,2.657,9.6,,
2026-09-24,1545601,UEFA Nations League,Andorra,Malta,chutes,18.5,86.1,1.161,28.82,,
2026-09-24,1545601,UEFA Nations League,Andorra,Malta,chutes,20.5,79.0,1.267,28.82,,
2026-09-24,1545601,UEFA Nations League,Andorra,Malta,chutes,22.5,70.4,1.421,28.82,,
2026-09-24,1545601,UEFA Nations League,Andorra,Malta,chutes,24.5,60.8,1.646,28.82,,
2026-09-24,1545601,UEFA Nations League,Andorra,Malta,chutes_gol,6.5,79.3,1.262,9.64,,
2026-09-24,1545601,UEFA Nations League,Andorra,Malta,chutes_gol,7.5,69.6,1.438,9.64,,
2026-09-24,1545601,UEFA Nations League,Andorra,Malta,chutes_gol,8.5,58.9,1.698,9.64,,
2026-09-24,1545601,UEFA Nations League,Andorra,Malta,chutes_gol,9.5,48.1,2.081,9.64,,
2026-09-24,1528862,UEFA Nations League,Netherlands,Germany,escanteios,7.5,65.4,1.528,9.6,,
2026-09-24,1528862,UEFA Nations League,Netherlands,Germany,escanteios,8.5,55.8,1.792,9.6,,
2026-09-24,1528862,UEFA Nations League,Netherlands,Germany,escanteios,9.5,46.4,2.155,9.6,,
2026-09-24,1528862,UEFA Nations League,Netherlands,Germany,escanteios,10.5,37.6,2.657,9.6,,
2026-09-24,1528862,UEFA Nations League,Netherlands,Germany,chutes,18.5,86.1,1.161,28.82,,
2026-09-24,1528862,UEFA Nations League,Netherlands,Germany,chutes,20.5,79.0,1.267,28.82,,
2026-09-24,1528862,UEFA Nations League,Netherlands,Germany,chutes,22.5,70.4,1.421,28.82,,
2026-09-24,1528862,UEFA Nations League,Netherlands,Germany,chutes,24.5,60.8,1.646,28.82,,
2026-09-24,1528862,UEFA Nations League,Netherlands,Germany,chutes_gol,6.5,79.3,1.262,9.64,,
2026-09-24,1528862,UEFA Nations League,Netherlands,Germany,chutes_gol,7.5,69.6,1.438,9.64,,
2026-09-24,1528862,UEFA Nations League,Netherlands,Germany,chutes_gol,8.5,58.9,1.698,9.64,,
2026-09-24,1528862,UEFA Nations League,Netherlands,Germany,chutes_gol,9.5,48.1,2.081,9.64,,
2026-09-24,1528863,UEFA Nations League,Serbia,Greece,escanteios,7.5,65.4,1.528,9.6,,
2026-09-24,1528863,UEFA Nations League,Serbia,Greece,escanteios,8.5,55.8,1.792,9.6,,
2026-09-24,1528863,UEFA Nations League,Serbia,Greece,escanteios,9.5,46.4,2.155,9.6,,
2026-09-24,1528863,UEFA Nations League,Serbia,Greece,escanteios,10.5,37.6,2.657,9.6,,
2026-09-24,1528863,UEFA Nations League,Serbia,Greece,chutes,18.5,86.1,1.161,28.82,,
2026-09-24,1528863,UEFA Nations League,Serbia,Greece,chutes,20.5,79.0,1.267,28.82,,
2026-09-24,1528863,UEFA Nations League,Serbia,Greece,chutes,22.5,70.4,1.421,28.82,,
2026-09-24,1528863,UEFA Nations League,Serbia,Greece,chutes,24.5,60.8,1.646,28.82,,
2026-09-24,1528863,UEFA Nations League,Serbia,Greece,chutes_gol,6.5,79.3,1.262,9.64,,
2026-09-24,1528863,UEFA Nations League,Serbia,Greece,chutes_gol,7.5,69.6,1.438,9.64,,
2026-09-24,1528863,UEFA Nations League,Serbia,Greece,chutes_gol,8.5,58.9,1.698,9.64,,
2026-09-24,1528863,UEFA Nations League,Serbia,Greece,chutes_gol,9.5,48.1,2.081,9.64,,
2026-09-24,1528864,UEFA Nations League,Portugal,Wales,escanteios,7.5,65.4,1.528,9.6,,
2026-09-24,1528864,UEFA Nations League,Portugal,Wales,escanteios,8.5,55.8,1.792,9.6,,
2026-09-24,1528864,UEFA Nations League,Portugal,Wales,escanteios,9.5,46.4,2.155,9.6,,
2026-09-24,1528864,UEFA Nations League,Portugal,Wales,escanteios,10.5,37.6,2.657,9.6,,
2026-09-24,1528864,UEFA Nations League,Portugal,Wales,chutes,18.5,86.1,1.161,28.82,,
2026-09-24,1528864,UEFA Nations League,Portugal,Wales,chutes,20.5,79.0,1.267,28.82,,
2026-09-24,1528864,UEFA Nations League,Portugal,Wales,chutes,22.5,70.4,1.421,28.82,,
2026-09-24,1528864,UEFA Nations League,Portugal,Wales,chutes,24.5,60.8,1.646,28.82,,
2026-09-24,1528864,UEFA Nations League,Portugal,Wales,chutes_gol,6.5,79.3,1.262,9.64,,
2026-09-24,1528864,UEFA Nations League,Portugal,Wales,chutes_gol,7.5,69.6,1.438,9.64,,
2026-09-24,1528864,UEFA Nations League,Portugal,Wales,chutes_gol,8.5,58.9,1.698,9.64,,
2026-09-24,1528864,UEFA Nations League,Portugal,Wales,chutes_gol,9.5,48.1,2.081,9.64,,
2026-09-24,1528865,UEFA Nations League,Norway,Denmark,escanteios,7.5,65.4,1.528,9.6,,
2026-09-24,1528865,UEFA Nations League,Norway,Denmark,escanteios,8.5,55.8,1.792,9.6,,
2026-09-24,1528865,UEFA Nations League,Norway,Denmark,escanteios,9.5,46.4,2.155,9.6,,
2026-09-24,1528865,UEFA Nations League,Norway,Denmark,escanteios,10.5,37.6,2.657,9.6,,
2026-09-24,1528865,UEFA Nations League,Norway,Denmark,chutes,18.5,86.1,1.161,28.82,,
2026-09-24,1528865,UEFA Nations League,Norway,Denmark,chutes,20.5,79.0,1.267,28.82,,
2026-09-24,1528865,UEFA Nations League,Norway,Denmark,chutes,22.5,70.4,1.421,28.82,,
2026-09-24,1528865,UEFA Nations League,Norway,Denmark,chutes,24.5,60.8,1.646,28.82,,
2026-09-24,1528865,UEFA Nations League,Norway,Denmark,chutes_gol,6.5,79.3,1.262,9.64,,
2026-09-24,1528865,UEFA Nations League,Norway,Denmark,chutes_gol,7.5,69.6,1.438,9.64,,
2026-09-24,1528865,UEFA Nations League,Norway,Denmark,chutes_gol,8.5,58.9,1.698,9.64,,
2026-09-24,1528865,UEFA Nations League,Norway,Denmark,chutes_gol,9.5,48.1,2.081,9.64,,
2026-09-24,1528878,UEFA Nations League,Austria,Israel,escanteios,7.5,65.4,1.528,9.6,,
2026-09-24,1528878,UEFA Nations League,Austria,Israel,escanteios,8.5,55.8,1.792,9.6,,
2026-09-24,1528878,UEFA Nations League,Austria,Israel,escanteios,9.5,46.4,2.155,9.6,,
2026-09-24,1528878,UEFA Nations League,Austria,Israel,escanteios,10.5,37.6,2.657,9.6,,
2026-09-24,1528878,UEFA Nations League,Austria,Israel,chutes,18.5,86.1,1.161,28.82,,
2026-09-24,1528878,UEFA Nations League,Austria,Israel,chutes,20.5,79.0,1.267,28.82,,
2026-09-24,1528878,UEFA Nations League,Austria,Israel,chutes,22.5,70.4,1.421,28.82,,
2026-09-24,1528878,UEFA Nations League,Austria,Israel,chutes,24.5,60.8,1.646,28.82,,
2026-09-24,1528878,UEFA Nations League,Austria,Israel,chutes_gol,6.5,79.3,1.262,9.64,,
2026-09-24,1528878,UEFA Nations League,Austria,Israel,chutes_gol,7.5,69.6,1.438,9.64,,
2026-09-24,1528878,UEFA Nations League,Austria,Israel,chutes_gol,8.5,58.9,1.698,9.64,,
2026-09-24,1528878,UEFA Nations League,Austria,Israel,chutes_gol,9.5,48.1,2.081,9.64,,
2026-09-24,1528879,UEFA Nations League,Kosovo,Rep. Of Ireland,escanteios,7.5,65.4,1.528,9.6,,
2026-09-24,1528879,UEFA Nations League,Kosovo,Rep. Of Ireland,escanteios,8.5,55.8,1.792,9.6,,
2026-09-24,1528879,UEFA Nations League,Kosovo,Rep. Of Ireland,escanteios,9.5,46.4,2.155,9.6,,
2026-09-24,1528879,UEFA Nations League,Kosovo,Rep. Of Ireland,escanteios,10.5,37.6,2.657,9.6,,
2026-09-24,1528879,UEFA Nations League,Kosovo,Rep. Of Ireland,chutes,18.5,86.1,1.161,28.82,,
2026-09-24,1528879,UEFA Nations League,Kosovo,Rep. Of Ireland,chutes,20.5,79.0,1.267,28.82,,
2026-09-24,1528879,UEFA Nations League,Kosovo,Rep. Of Ireland,chutes,22.5,70.4,1.421,28.82,,
2026-09-24,1528879,UEFA Nations League,Kosovo,Rep. Of Ireland,chutes,24.5,60.8,1.646,28.82,,
2026-09-24,1528879,UEFA Nations League,Kosovo,Rep. Of Ireland,chutes_gol,6.5,79.3,1.262,9.64,,
2026-09-24,1528879,UEFA Nations League,Kosovo,Rep. Of Ireland,chutes_gol,7.5,69.6,1.438,9.64,,
2026-09-24,1528879,UEFA Nations League,Kosovo,Rep. Of Ireland,chutes_gol,8.5,58.9,1.698,9.64,,
2026-09-24,1528879,UEFA Nations League,Kosovo,Rep. Of Ireland,chutes_gol,9.5,48.1,2.081,9.64,,
2026-09-24,1528880,UEFA Nations League,Liechtenstein,Lithuania,escanteios,7.5,65.4,1.528,9.6,,
2026-09-24,1528880,UEFA Nations League,Liechtenstein,Lithuania,escanteios,8.5,55.8,1.792,9.6,,
2026-09-24,1528880,UEFA Nations League,Liechtenstein,Lithuania,escanteios,9.5,46.4,2.155,9.6,,
2026-09-24,1528880,UEFA Nations League,Liechtenstein,Lithuania,escanteios,10.5,37.6,2.657,9.6,,
2026-09-24,1528880,UEFA Nations League,Liechtenstein,Lithuania,chutes,18.5,86.1,1.161,28.82,,
2026-09-24,1528880,UEFA Nations League,Liechtenstein,Lithuania,chutes,20.5,79.0,1.267,28.82,,
2026-09-24,1528880,UEFA Nations League,Liechtenstein,Lithuania,chutes,22.5,70.4,1.421,28.82,,
2026-09-24,1528880,UEFA Nations League,Liechtenstein,Lithuania,chutes,24.5,60.8,1.646,28.82,,
2026-09-24,1528880,UEFA Nations League,Liechtenstein,Lithuania,chutes_gol,6.5,79.3,1.262,9.64,,
2026-09-24,1528880,UEFA Nations League,Liechtenstein,Lithuania,chutes_gol,7.5,69.6,1.438,9.64,,
2026-09-24,1528880,UEFA Nations League,Liechtenstein,Lithuania,chutes_gol,8.5,58.9,1.698,9.64,,
2026-09-24,1528880,UEFA Nations League,Liechtenstein,Lithuania,chutes_gol,9.5,48.1,2.081,9.64,,
2026-09-25,1528881,UEFA Nations League,Georgia,Northern Ireland,escanteios,7.5,65.4,1.528,9.6,,
2026-09-25,1528881,UEFA Nations League,Georgia,Northern Ireland,escanteios,8.5,55.8,1.792,9.6,,
2026-09-25,1528881,UEFA Nations League,Georgia,Northern Ireland,escanteios,9.5,46.4,2.155,9.6,,
2026-09-25,1528881,UEFA Nations League,Georgia,Northern Ireland,escanteios,10.5,37.6,2.657,9.6,,
2026-09-25,1528881,UEFA Nations League,Georgia,Northern Ireland,chutes,18.5,86.1,1.161,28.82,,
2026-09-25,1528881,UEFA Nations League,Georgia,Northern Ireland,chutes,20.5,79.0,1.267,28.82,,
2026-09-25,1528881,UEFA Nations League,Georgia,Northern Ireland,chutes,22.5,70.4,1.421,28.82,,
2026-09-25,1528881,UEFA Nations League,Georgia,Northern Ireland,chutes,24.5,60.8,1.646,28.82,,
2026-09-25,1528881,UEFA Nations League,Georgia,Northern Ireland,chutes_gol,6.5,79.3,1.262,9.64,,
2026-09-25,1528881,UEFA Nations League,Georgia,Northern Ireland,chutes_gol,7.5,69.6,1.438,9.64,,
2026-09-25,1528881,UEFA Nations League,Georgia,Northern Ireland,chutes_gol,8.5,58.9,1.698,9.64,,
2026-09-25,1528881,UEFA Nations League,Georgia,Northern Ireland,chutes_gol,9.5,48.1,2.081,9.64,,
2026-09-25,1545602,UEFA Nations League,Armenia,Latvia,escanteios,7.5,65.4,1.528,9.6,,
2026-09-25,1545602,UEFA Nations League,Armenia,Latvia,escanteios,8.5,55.8,1.792,9.6,,
2026-09-25,1545602,UEFA Nations League,Armenia,Latvia,escanteios,9.5,46.4,2.155,9.6,,
2026-09-25,1545602,UEFA Nations League,Armenia,Latvia,escanteios,10.5,37.6,2.657,9.6,,
2026-09-25,1545602,UEFA Nations League,Armenia,Latvia,chutes,18.5,86.1,1.161,28.82,,
2026-09-25,1545602,UEFA Nations League,Armenia,Latvia,chutes,20.5,79.0,1.267,28.82,,
2026-09-25,1545602,UEFA Nations League,Armenia,Latvia,chutes,22.5,70.4,1.421,28.82,,
2026-09-25,1545602,UEFA Nations League,Armenia,Latvia,chutes,24.5,60.8,1.646,28.82,,
2026-09-25,1545602,UEFA Nations League,Armenia,Latvia,chutes_gol,6.5,79.3,1.262,9.64,,
2026-09-25,1545602,UEFA Nations League,Armenia,Latvia,chutes_gol,7.5,69.6,1.438,9.64,,
2026-09-25,1545602,UEFA Nations League,Armenia,Latvia,chutes_gol,8.5,58.9,1.698,9.64,,
2026-09-25,1545602,UEFA Nations League,Armenia,Latvia,chutes_gol,9.5,48.1,2.081,9.64,,
2026-09-25,1528882,UEFA Nations League,Türkiye,France,escanteios,7.5,65.4,1.528,9.6,,
2026-09-25,1528882,UEFA Nations League,Türkiye,France,escanteios,8.5,55.8,1.792,9.6,,
2026-09-25,1528882,UEFA Nations League,Türkiye,France,escanteios,9.5,46.4,2.155,9.6,,
2026-09-25,1528882,UEFA Nations League,Türkiye,France,escanteios,10.5,37.6,2.657,9.6,,
2026-09-25,1528882,UEFA Nations League,Türkiye,France,chutes,18.5,86.1,1.161,28.82,,
2026-09-25,1528882,UEFA Nations League,Türkiye,France,chutes,20.5,79.0,1.267,28.82,,
2026-09-25,1528882,UEFA Nations League,Türkiye,France,chutes,22.5,70.4,1.421,28.82,,
2026-09-25,1528882,UEFA Nations League,Türkiye,France,chutes,24.5,60.8,1.646,28.82,,
2026-09-25,1528882,UEFA Nations League,Türkiye,France,chutes_gol,6.5,79.3,1.262,9.64,,
2026-09-25,1528882,UEFA Nations League,Türkiye,France,chutes_gol,7.5,69.6,1.438,9.64,,
2026-09-25,1528882,UEFA Nations League,Türkiye,France,chutes_gol,8.5,58.9,1.698,9.64,,
2026-09-25,1528882,UEFA Nations League,Türkiye,France,chutes_gol,9.5,48.1,2.081,9.64,,
2026-09-25,1528883,UEFA Nations League,Italy,Belgium,escanteios,7.5,65.4,1.528,9.6,,
2026-09-25,1528883,UEFA Nations League,Italy,Belgium,escanteios,8.5,55.8,1.792,9.6,,
2026-09-25,1528883,UEFA Nations League,Italy,Belgium,escanteios,9.5,46.4,2.155,9.6,,
2026-09-25,1528883,UEFA Nations League,Italy,Belgium,escanteios,10.5,37.6,2.657,9.6,,
2026-09-25,1528883,UEFA Nations League,Italy,Belgium,chutes,18.5,86.1,1.161,28.82,,
2026-09-25,1528883,UEFA Nations League,Italy,Belgium,chutes,20.5,79.0,1.267,28.82,,
2026-09-25,1528883,UEFA Nations League,Italy,Belgium,chutes,22.5,70.4,1.421,28.82,,
2026-09-25,1528883,UEFA Nations League,Italy,Belgium,chutes,24.5,60.8,1.646,28.82,,
2026-09-25,1528883,UEFA Nations League,Italy,Belgium,chutes_gol,6.5,79.3,1.262,9.64,,
2026-09-25,1528883,UEFA Nations League,Italy,Belgium,chutes_gol,7.5,69.6,1.438,9.64,,
2026-09-25,1528883,UEFA Nations League,Italy,Belgium,chutes_gol,8.5,58.9,1.698,9.64,,
2026-09-25,1528883,UEFA Nations League,Italy,Belgium,chutes_gol,9.5,48.1,2.081,9.64,,
2026-09-25,1528884,UEFA Nations League,Hungary,Ukraine,escanteios,7.5,65.4,1.528,9.6,,
2026-09-25,1528884,UEFA Nations League,Hungary,Ukraine,escanteios,8.5,55.8,1.792,9.6,,
2026-09-25,1528884,UEFA Nations League,Hungary,Ukraine,escanteios,9.5,46.4,2.155,9.6,,
2026-09-25,1528884,UEFA Nations League,Hungary,Ukraine,escanteios,10.5,37.6,2.657,9.6,,
2026-09-25,1528884,UEFA Nations League,Hungary,Ukraine,chutes,18.5,86.1,1.161,28.82,,
2026-09-25,1528884,UEFA Nations League,Hungary,Ukraine,chutes,20.5,79.0,1.267,28.82,,
2026-09-25,1528884,UEFA Nations League,Hungary,Ukraine,chutes,22.5,70.4,1.421,28.82,,
2026-09-25,1528884,UEFA Nations League,Hungary,Ukraine,chutes,24.5,60.8,1.646,28.82,,
2026-09-25,1528884,UEFA Nations League,Hungary,Ukraine,chutes_gol,6.5,79.3,1.262,9.64,,
2026-09-25,1528884,UEFA Nations League,Hungary,Ukraine,chutes_gol,7.5,69.6,1.438,9.64,,
2026-09-25,1528884,UEFA Nations League,Hungary,Ukraine,chutes_gol,8.5,58.9,1.698,9.64,,
2026-09-25,1528884,UEFA Nations League,Hungary,Ukraine,chutes_gol,9.5,48.1,2.081,9.64,,
2026-09-25,1528885,UEFA Nations League,Poland,Bosnia & Herzegovina,escanteios,7.5,65.4,1.528,9.6,,
2026-09-25,1528885,UEFA Nations League,Poland,Bosnia & Herzegovina,escanteios,8.5,55.8,1.792,9.6,,
2026-09-25,1528885,UEFA Nations League,Poland,Bosnia & Herzegovina,escanteios,9.5,46.4,2.155,9.6,,
2026-09-25,1528885,UEFA Nations League,Poland,Bosnia & Herzegovina,escanteios,10.5,37.6,2.657,9.6,,
2026-09-25,1528885,UEFA Nations League,Poland,Bosnia & Herzegovina,chutes,18.5,86.1,1.161,28.82,,
2026-09-25,1528885,UEFA Nations League,Poland,Bosnia & Herzegovina,chutes,20.5,79.0,1.267,28.82,,
2026-09-25,1528885,UEFA Nations League,Poland,Bosnia & Herzegovina,chutes,22.5,70.4,1.421,28.82,,
2026-09-25,1528885,UEFA Nations League,Poland,Bosnia & Herzegovina,chutes,24.5,60.8,1.646,28.82,,
2026-09-25,1528885,UEFA Nations League,Poland,Bosnia & Herzegovina,chutes_gol,6.5,79.3,1.262,9.64,,
2026-09-25,1528885,UEFA Nations League,Poland,Bosnia & Herzegovina,chutes_gol,7.5,69.6,1.438,9.64,,
2026-09-25,1528885,UEFA Nations League,Poland,Bosnia & Herzegovina,chutes_gol,8.5,58.9,1.698,9.64,,
2026-09-25,1528885,UEFA Nations League,Poland,Bosnia & Herzegovina,chutes_gol,9.5,48.1,2.081,9.64,,
2026-09-25,1528886,UEFA Nations League,Sweden,Romania,escanteios,7.5,65.4,1.528,9.6,,
2026-09-25,1528886,UEFA Nations League,Sweden,Romania,escanteios,8.5,55.8,1.792,9.6,,
2026-09-25,1528886,UEFA Nations League,Sweden,Romania,escanteios,9.5,46.4,2.155,9.6,,
2026-09-25,1528886,UEFA Nations League,Sweden,Romania,escanteios,10.5,37.6,2.657,9.6,,
2026-09-25,1528886,UEFA Nations League,Sweden,Romania,chutes,18.5,86.1,1.161,28.82,,
2026-09-25,1528886,UEFA Nations League,Sweden,Romania,chutes,20.5,79.0,1.267,28.82,,
2026-09-25,1528886,UEFA Nations League,Sweden,Romania,chutes,22.5,70.4,1.421,28.82,,
2026-09-25,1528886,UEFA Nations League,Sweden,Romania,chutes,24.5,60.8,1.646,28.82,,
2026-09-25,1528886,UEFA Nations League,Sweden,Romania,chutes_gol,6.5,79.3,1.262,9.64,,
2026-09-25,1528886,UEFA Nations League,Sweden,Romania,chutes_gol,7.5,69.6,1.438,9.64,,
2026-09-25,1528886,UEFA Nations League,Sweden,Romania,chutes_gol,8.5,58.9,1.698,9.64,,
2026-09-25,1528886,UEFA Nations League,Sweden,Romania,chutes_gol,9.5,48.1,2.081,9.64,,
2026-09-25,1528887,UEFA Nations League,Montenegro,Cyprus,escanteios,7.5,65.4,1.528,9.6,,
2026-09-25,1528887,UEFA Nations League,Montenegro,Cyprus,escanteios,8.5,55.8,1.792,9.6,,
2026-09-25,1528887,UEFA Nations League,Montenegro,Cyprus,escanteios,9.5,46.4,2.155,9.6,,
2026-09-25,1528887,UEFA Nations League,Montenegro,Cyprus,escanteios,10.5,37.6,2.657,9.6,,
2026-09-25,1528887,UEFA Nations League,Montenegro,Cyprus,chutes,18.5,86.1,1.161,28.82,,
2026-09-25,1528887,UEFA Nations League,Montenegro,Cyprus,chutes,20.5,79.0,1.267,28.82,,
2026-09-25,1528887,UEFA Nations League,Montenegro,Cyprus,chutes,22.5,70.4,1.421,28.82,,
2026-09-25,1528887,UEFA Nations League,Montenegro,Cyprus,chutes,24.5,60.8,1.646,28.82,,
2026-09-25,1528887,UEFA Nations League,Montenegro,Cyprus,chutes_gol,6.5,79.3,1.262,9.64,,
2026-09-25,1528887,UEFA Nations League,Montenegro,Cyprus,chutes_gol,7.5,69.6,1.438,9.64,,
2026-09-25,1528887,UEFA Nations League,Montenegro,Cyprus,chutes_gol,8.5,58.9,1.698,9.64,,
2026-09-25,1528887,UEFA Nations League,Montenegro,Cyprus,chutes_gol,9.5,48.1,2.081,9.64,,
2026-10-03,223114,CONCACAF Nations League,Martinique,Honduras,escanteios,7.5,64.7,1.545,9.53,,
2026-10-03,223114,CONCACAF Nations League,Martinique,Honduras,escanteios,8.5,55.1,1.816,9.53,,
2026-10-03,223114,CONCACAF Nations League,Martinique,Honduras,escanteios,9.5,45.7,2.189,9.53,,
2026-10-03,223114,CONCACAF Nations League,Martinique,Honduras,escanteios,10.5,37.0,2.704,9.53,,
2026-10-03,223114,CONCACAF Nations League,Martinique,Honduras,chutes,18.5,86.1,1.162,28.91,,
2026-10-03,223114,CONCACAF Nations League,Martinique,Honduras,chutes,20.5,78.9,1.267,28.91,,
2026-10-03,223114,CONCACAF Nations League,Martinique,Honduras,chutes,22.5,70.4,1.42,28.91,,
2026-10-03,223114,CONCACAF Nations League,Martinique,Honduras,chutes,24.5,60.9,1.643,28.91,,
2026-10-03,223114,CONCACAF Nations League,Martinique,Honduras,chutes_gol,6.5,80.4,1.243,9.83,,
2026-10-03,223114,CONCACAF Nations League,Martinique,Honduras,chutes_gol,7.5,71.1,1.407,9.83,,
2026-10-03,223114,CONCACAF Nations League,Martinique,Honduras,chutes_gol,8.5,60.7,1.648,9.83,,
2026-10-03,223114,CONCACAF Nations League,Martinique,Honduras,chutes_gol,9.5,50.0,2.0,9.83,,
2026-10-03,223116,CONCACAF Nations League,Barbados,Bermuda,escanteios,7.5,64.7,1.545,9.53,,
2026-10-03,223116,CONCACAF Nations League,Barbados,Bermuda,escanteios,8.5,55.1,1.816,9.53,,
2026-10-03,223116,CONCACAF Nations League,Barbados,Bermuda,escanteios,9.5,45.7,2.189,9.53,,
2026-10-03,223116,CONCACAF Nations League,Barbados,Bermuda,escanteios,10.5,37.0,2.704,9.53,,
2026-10-03,223116,CONCACAF Nations League,Barbados,Bermuda,chutes,18.5,86.1,1.162,28.91,,
2026-10-03,223116,CONCACAF Nations League,Barbados,Bermuda,chutes,20.5,78.9,1.267,28.91,,
2026-10-03,223116,CONCACAF Nations League,Barbados,Bermuda,chutes,22.5,70.4,1.42,28.91,,
2026-10-03,223116,CONCACAF Nations League,Barbados,Bermuda,chutes,24.5,60.9,1.643,28.91,,
2026-10-03,223116,CONCACAF Nations League,Barbados,Bermuda,chutes_gol,6.5,80.4,1.243,9.83,,
2026-10-03,223116,CONCACAF Nations League,Barbados,Bermuda,chutes_gol,7.5,71.1,1.407,9.83,,
2026-10-03,223116,CONCACAF Nations League,Barbados,Bermuda,chutes_gol,8.5,60.7,1.648,9.83,,
2026-10-03,223116,CONCACAF Nations League,Barbados,Bermuda,chutes_gol,9.5,50.0,2.0,9.83,,
2026-10-03,223118,CONCACAF Nations League,Bonaire,Grenada,escanteios,7.5,64.7,1.545,9.53,,
2026-10-03,223118,CONCACAF Nations League,Bonaire,Grenada,escanteios,8.5,55.1,1.816,9.53,,
2026-10-03,223118,CONCACAF Nations League,Bonaire,Grenada,escanteios,9.5,45.7,2.189,9.53,,
2026-10-03,223118,CONCACAF Nations League,Bonaire,Grenada,escanteios,10.5,37.0,2.704,9.53,,
2026-10-03,223118,CONCACAF Nations League,Bonaire,Grenada,chutes,18.5,86.1,1.162,28.91,,
2026-10-03,223118,CONCACAF Nations League,Bonaire,Grenada,chutes,20.5,78.9,1.267,28.91,,
2026-10-03,223118,CONCACAF Nations League,Bonaire,Grenada,chutes,22.5,70.4,1.42,28.91,,
2026-10-03,223118,CONCACAF Nations League,Bonaire,Grenada,chutes,24.5,60.9,1.643,28.91,,
2026-10-03,223118,CONCACAF Nations League,Bonaire,Grenada,chutes_gol,6.5,80.4,1.243,9.83,,
2026-10-03,223118,CONCACAF Nations League,Bonaire,Grenada,chutes_gol,7.5,71.1,1.407,9.83,,
2026-10-03,223118,CONCACAF Nations League,Bonaire,Grenada,chutes_gol,8.5,60.7,1.648,9.83,,
2026-10-03,223118,CONCACAF Nations League,Bonaire,Grenada,chutes_gol,9.5,50.0,2.0,9.83,,
2026-10-03,10159,Brasileirão Serie B,Fortaleza,Náutico,escanteios,7.5,64.7,1.545,9.53,,
2026-10-03,10159,Brasileirão Serie B,Fortaleza,Náutico,escanteios,8.5,55.1,1.816,9.53,,
2026-10-03,10159,Brasileirão Serie B,Fortaleza,Náutico,escanteios,9.5,45.7,2.189,9.53,,
2026-10-03,10159,Brasileirão Serie B,Fortaleza,Náutico,escanteios,10.5,37.0,2.704,9.53,,
2026-10-03,10159,Brasileirão Serie B,Fortaleza,Náutico,chutes,18.5,86.1,1.162,28.91,,
2026-10-03,10159,Brasileirão Serie B,Fortaleza,Náutico,chutes,20.5,78.9,1.267,28.91,,
2026-10-03,10159,Brasileirão Serie B,Fortaleza,Náutico,chutes,22.5,70.4,1.42,28.91,,
2026-10-03,10159,Brasileirão Serie B,Fortaleza,Náutico,chutes,24.5,60.9,1.643,28.91,,
2026-10-03,10159,Brasileirão Serie B,Fortaleza,Náutico,chutes_gol,6.5,80.4,1.243,9.83,,
2026-10-03,10159,Brasileirão Serie B,Fortaleza,Náutico,chutes_gol,7.5,71.1,1.407,9.83,,
2026-10-03,10159,Brasileirão Serie B,Fortaleza,Náutico,chutes_gol,8.5,60.7,1.648,9.83,,
2026-10-03,10159,Brasileirão Serie B,Fortaleza,Náutico,chutes_gol,9.5,50.0,2.0,9.83,,
2026-10-03,223113,CONCACAF Nations League,El Salvador,Jamaica,escanteios,7.5,64.7,1.545,9.53,,
2026-10-03,223113,CONCACAF Nations League,El Salvador,Jamaica,escanteios,8.5,55.1,1.816,9.53,,
2026-10-03,223113,CONCACAF Nations League,El Salvador,Jamaica,escanteios,9.5,45.7,2.189,9.53,,
2026-10-03,223113,CONCACAF Nations League,El Salvador,Jamaica,escanteios,10.5,37.0,2.704,9.53,,
2026-10-03,223113,CONCACAF Nations League,El Salvador,Jamaica,chutes,18.5,86.1,1.162,28.91,,
2026-10-03,223113,CONCACAF Nations League,El Salvador,Jamaica,chutes,20.5,78.9,1.267,28.91,,
2026-10-03,223113,CONCACAF Nations League,El Salvador,Jamaica,chutes,22.5,70.4,1.42,28.91,,
2026-10-03,223113,CONCACAF Nations League,El Salvador,Jamaica,chutes,24.5,60.9,1.643,28.91,,
2026-10-03,223113,CONCACAF Nations League,El Salvador,Jamaica,chutes_gol,6.5,80.4,1.243,9.83,,
2026-10-03,223113,CONCACAF Nations League,El Salvador,Jamaica,chutes_gol,7.5,71.1,1.407,9.83,,
2026-10-03,223113,CONCACAF Nations League,El Salvador,Jamaica,chutes_gol,8.5,60.7,1.648,9.83,,
2026-10-03,223113,CONCACAF Nations League,El Salvador,Jamaica,chutes_gol,9.5,50.0,2.0,9.83,,
2026-10-03,212653,UEFA Nations League,Finland,Albania,escanteios,7.5,64.7,1.545,9.53,,
2026-10-03,212653,UEFA Nations League,Finland,Albania,escanteios,8.5,55.1,1.816,9.53,,
2026-10-03,212653,UEFA Nations League,Finland,Albania,escanteios,9.5,45.7,2.189,9.53,,
2026-10-03,212653,UEFA Nations League,Finland,Albania,escanteios,10.5,37.0,2.704,9.53,,
2026-10-03,212653,UEFA Nations League,Finland,Albania,chutes,18.5,86.1,1.162,28.91,,
2026-10-03,212653,UEFA Nations League,Finland,Albania,chutes,20.5,78.9,1.267,28.91,,
2026-10-03,212653,UEFA Nations League,Finland,Albania,chutes,22.5,70.4,1.42,28.91,,
2026-10-03,212653,UEFA Nations League,Finland,Albania,chutes,24.5,60.9,1.643,28.91,,
2026-10-03,212653,UEFA Nations League,Finland,Albania,chutes_gol,6.5,80.4,1.243,9.83,,
2026-10-03,212653,UEFA Nations League,Finland,Albania,chutes_gol,7.5,71.1,1.407,9.83,,
2026-10-03,212653,UEFA Nations League,Finland,Albania,chutes_gol,8.5,60.7,1.648,9.83,,
2026-10-03,212653,UEFA Nations League,Finland,Albania,chutes_gol,9.5,50.0,2.0,9.83,,
2026-10-03,10156,Brasileirão Serie B,Avaí,Ceará,escanteios,7.5,64.7,1.545,9.53,,
2026-10-03,10156,Brasileirão Serie B,Avaí,Ceará,escanteios,8.5,55.1,1.816,9.53,,
2026-10-03,10156,Brasileirão Serie B,Avaí,Ceará,escanteios,9.5,45.7,2.189,9.53,,
2026-10-03,10156,Brasileirão Serie B,Avaí,Ceará,escanteios,10.5,37.0,2.704,9.53,,
2026-10-03,10156,Brasileirão Serie B,Avaí,Ceará,chutes,18.5,86.1,1.162,28.91,,
2026-10-03,10156,Brasileirão Serie B,Avaí,Ceará,chutes,20.5,78.9,1.267,28.91,,
2026-10-03,10156,Brasileirão Serie B,Avaí,Ceará,chutes,22.5,70.4,1.42,28.91,,
2026-10-03,10156,Brasileirão Serie B,Avaí,Ceará,chutes,24.5,60.9,1.643,28.91,,
2026-10-03,10156,Brasileirão Serie B,Avaí,Ceará,chutes_gol,6.5,80.4,1.243,9.83,,
2026-10-03,10156,Brasileirão Serie B,Avaí,Ceará,chutes_gol,7.5,71.1,1.407,9.83,,
2026-10-03,10156,Brasileirão Serie B,Avaí,Ceará,chutes_gol,8.5,60.7,1.648,9.83,,
2026-10-03,10156,Brasileirão Serie B,Avaí,Ceará,chutes_gol,9.5,50.0,2.0,9.83,,
2026-10-03,604505,Copa del Rey,CD Baztan,Atlético Calatayud,escanteios,7.5,64.7,1.545,9.53,,
2026-10-03,604505,Copa del Rey,CD Baztan,Atlético Calatayud,escanteios,8.5,55.1,1.816,9.53,,
2026-10-03,604505,Copa del Rey,CD Baztan,Atlético Calatayud,escanteios,9.5,45.7,2.189,9.53,,
2026-10-03,604505,Copa del Rey,CD Baztan,Atlético Calatayud,escanteios,10.5,37.0,2.704,9.53,,
2026-10-03,604505,Copa del Rey,CD Baztan,Atlético Calatayud,chutes,18.5,86.1,1.162,28.91,,
2026-10-03,604505,Copa del Rey,CD Baztan,Atlético Calatayud,chutes,20.5,78.9,1.267,28.91,,
2026-10-03,604505,Copa del Rey,CD Baztan,Atlético Calatayud,chutes,22.5,70.4,1.42,28.91,,
2026-10-03,604505,Copa del Rey,CD Baztan,Atlético Calatayud,chutes,24.5,60.9,1.643,28.91,,
2026-10-03,604505,Copa del Rey,CD Baztan,Atlético Calatayud,chutes_gol,6.5,80.4,1.243,9.83,,
2026-10-03,604505,Copa del Rey,CD Baztan,Atlético Calatayud,chutes_gol,7.5,71.1,1.407,9.83,,
2026-10-03,604505,Copa del Rey,CD Baztan,Atlético Calatayud,chutes_gol,8.5,60.7,1.648,9.83,,
2026-10-03,604505,Copa del Rey,CD Baztan,Atlético Calatayud,chutes_gol,9.5,50.0,2.0,9.83,,
2026-10-03,212657,UEFA Nations League,Iceland,Bulgaria,escanteios,7.5,64.7,1.545,9.53,,
2026-10-03,212657,UEFA Nations League,Iceland,Bulgaria,escanteios,8.5,55.1,1.816,9.53,,
2026-10-03,212657,UEFA Nations League,Iceland,Bulgaria,escanteios,9.5,45.7,2.189,9.53,,
2026-10-03,212657,UEFA Nations League,Iceland,Bulgaria,escanteios,10.5,37.0,2.704,9.53,,
2026-10-03,212657,UEFA Nations League,Iceland,Bulgaria,chutes,18.5,86.1,1.162,28.91,,
2026-10-03,212657,UEFA Nations League,Iceland,Bulgaria,chutes,20.5,78.9,1.267,28.91,,
2026-10-03,212657,UEFA Nations League,Iceland,Bulgaria,chutes,22.5,70.4,1.42,28.91,,
2026-10-03,212657,UEFA Nations League,Iceland,Bulgaria,chutes,24.5,60.9,1.643,28.91,,
2026-10-03,212657,UEFA Nations League,Iceland,Bulgaria,chutes_gol,6.5,80.4,1.243,9.83,,
2026-10-03,212657,UEFA Nations League,Iceland,Bulgaria,chutes_gol,7.5,71.1,1.407,9.83,,
2026-10-03,212657,UEFA Nations League,Iceland,Bulgaria,chutes_gol,8.5,60.7,1.648,9.83,,
2026-10-03,212657,UEFA Nations League,Iceland,Bulgaria,chutes_gol,9.5,50.0,2.0,9.83,,
2026-10-03,604506,Copa del Rey,CD Tedeon,CD Anaitasuna FT,escanteios,7.5,64.7,1.545,9.53,,
2026-10-03,604506,Copa del Rey,CD Tedeon,CD Anaitasuna FT,escanteios,8.5,55.1,1.816,9.53,,
2026-10-03,604506,Copa del Rey,CD Tedeon,CD Anaitasuna FT,escanteios,9.5,45.7,2.189,9.53,,
2026-10-03,604506,Copa del Rey,CD Tedeon,CD Anaitasuna FT,escanteios,10.5,37.0,2.704,9.53,,
2026-10-03,604506,Copa del Rey,CD Tedeon,CD Anaitasuna FT,chutes,18.5,86.1,1.162,28.91,,
2026-10-03,604506,Copa del Rey,CD Tedeon,CD Anaitasuna FT,chutes,20.5,78.9,1.267,28.91,,
2026-10-03,604506,Copa del Rey,CD Tedeon,CD Anaitasuna FT,chutes,22.5,70.4,1.42,28.91,,
2026-10-03,604506,Copa del Rey,CD Tedeon,CD Anaitasuna FT,chutes,24.5,60.9,1.643,28.91,,
2026-10-03,604506,Copa del Rey,CD Tedeon,CD Anaitasuna FT,chutes_gol,6.5,80.4,1.243,9.83,,
2026-10-03,604506,Copa del Rey,CD Tedeon,CD Anaitasuna FT,chutes_gol,7.5,71.1,1.407,9.83,,
2026-10-03,604506,Copa del Rey,CD Tedeon,CD Anaitasuna FT,chutes_gol,8.5,60.7,1.648,9.83,,
2026-10-03,604506,Copa del Rey,CD Tedeon,CD Anaitasuna FT,chutes_gol,9.5,50.0,2.0,9.83,,
2026-10-03,604507,Copa del Rey,CD 6 de Junio,UB Lebrijana,escanteios,7.5,64.7,1.545,9.53,,
2026-10-03,604507,Copa del Rey,CD 6 de Junio,UB Lebrijana,escanteios,8.5,55.1,1.816,9.53,,
2026-10-03,604507,Copa del Rey,CD 6 de Junio,UB Lebrijana,escanteios,9.5,45.7,2.189,9.53,,
2026-10-03,604507,Copa del Rey,CD 6 de Junio,UB Lebrijana,escanteios,10.5,37.0,2.704,9.53,,
2026-10-03,604507,Copa del Rey,CD 6 de Junio,UB Lebrijana,chutes,18.5,86.1,1.162,28.91,,
2026-10-03,604507,Copa del Rey,CD 6 de Junio,UB Lebrijana,chutes,20.5,78.9,1.267,28.91,,
2026-10-03,604507,Copa del Rey,CD 6 de Junio,UB Lebrijana,chutes,22.5,70.4,1.42,28.91,,
2026-10-03,604507,Copa del Rey,CD 6 de Junio,UB Lebrijana,chutes,24.5,60.9,1.643,28.91,,
2026-10-03,604507,Copa del Rey,CD 6 de Junio,UB Lebrijana,chutes_gol,6.5,80.4,1.243,9.83,,
2026-10-03,604507,Copa del Rey,CD 6 de Junio,UB Lebrijana,chutes_gol,7.5,71.1,1.407,9.83,,
2026-10-03,604507,Copa del Rey,CD 6 de Junio,UB Lebrijana,chutes_gol,8.5,60.7,1.648,9.83,,
2026-10-03,604507,Copa del Rey,CD 6 de Junio,UB Lebrijana,chutes_gol,9.5,50.0,2.0,9.83,,
2026-10-03,212656,UEFA Nations League,Estonia,Luxembourg,escanteios,7.5,64.7,1.545,9.53,,
2026-10-03,212656,UEFA Nations League,Estonia,Luxembourg,escanteios,8.5,55.1,1.816,9.53,,
2026-10-03,212656,UEFA Nations League,Estonia,Luxembourg,escanteios,9.5,45.7,2.189,9.53,,
2026-10-03,212656,UEFA Nations League,Estonia,Luxembourg,escanteios,10.5,37.0,2.704,9.53,,
2026-10-03,212656,UEFA Nations League,Estonia,Luxembourg,chutes,18.5,86.1,1.162,28.91,,
2026-10-03,212656,UEFA Nations League,Estonia,Luxembourg,chutes,20.5,78.9,1.267,28.91,,
2026-10-03,212656,UEFA Nations League,Estonia,Luxembourg,chutes,22.5,70.4,1.42,28.91,,
2026-10-03,212656,UEFA Nations League,Estonia,Luxembourg,chutes,24.5,60.9,1.643,28.91,,
2026-10-03,212656,UEFA Nations League,Estonia,Luxembourg,chutes_gol,6.5,80.4,1.243,9.83,,
2026-10-03,212656,UEFA Nations League,Estonia,Luxembourg,chutes_gol,7.5,71.1,1.407,9.83,,
2026-10-03,212656,UEFA Nations League,Estonia,Luxembourg,chutes_gol,8.5,60.7,1.648,9.83,,
2026-10-03,212656,UEFA Nations League,Estonia,Luxembourg,chutes_gol,9.5,50.0,2.0,9.83,,
2026-10-03,212655,UEFA Nations League,Belarus,San Marino,escanteios,7.5,64.7,1.545,9.53,,
2026-10-03,212655,UEFA Nations League,Belarus,San Marino,escanteios,8.5,55.1,1.816,9.53,,
2026-10-03,212655,UEFA Nations League,Belarus,San Marino,escanteios,9.5,45.7,2.189,9.53,,
2026-10-03,212655,UEFA Nations League,Belarus,San Marino,escanteios,10.5,37.0,2.704,9.53,,
2026-10-03,212655,UEFA Nations League,Belarus,San Marino,chutes,18.5,86.1,1.162,28.91,,
2026-10-03,212655,UEFA Nations League,Belarus,San Marino,chutes,20.5,78.9,1.267,28.91,,
2026-10-03,212655,UEFA Nations League,Belarus,San Marino,chutes,22.5,70.4,1.42,28.91,,
2026-10-03,212655,UEFA Nations League,Belarus,San Marino,chutes,24.5,60.9,1.643,28.91,,
2026-10-03,212655,UEFA Nations League,Belarus,San Marino,chutes_gol,6.5,80.4,1.243,9.83,,
2026-10-03,212655,UEFA Nations League,Belarus,San Marino,chutes_gol,7.5,71.1,1.407,9.83,,
2026-10-03,212655,UEFA Nations League,Belarus,San Marino,chutes_gol,8.5,60.7,1.648,9.83,,
2026-10-03,212655,UEFA Nations League,Belarus,San Marino,chutes_gol,9.5,50.0,2.0,9.83,,
2026-10-03,212654,UEFA Nations League,Croatia,England,escanteios,7.5,64.7,1.545,9.53,,
2026-10-03,212654,UEFA Nations League,Croatia,England,escanteios,8.5,55.1,1.816,9.53,,
2026-10-03,212654,UEFA Nations League,Croatia,England,escanteios,9.5,45.7,2.189,9.53,,
2026-10-03,212654,UEFA Nations League,Croatia,England,escanteios,10.5,37.0,2.704,9.53,,
2026-10-03,212654,UEFA Nations League,Croatia,England,chutes,18.5,86.1,1.162,28.91,,
2026-10-03,212654,UEFA Nations League,Croatia,England,chutes,20.5,78.9,1.267,28.91,,
2026-10-03,212654,UEFA Nations League,Croatia,England,chutes,22.5,70.4,1.42,28.91,,
2026-10-03,212654,UEFA Nations League,Croatia,England,chutes,24.5,60.9,1.643,28.91,,
2026-10-03,212654,UEFA Nations League,Croatia,England,chutes_gol,6.5,80.4,1.243,9.83,,
2026-10-03,212654,UEFA Nations League,Croatia,England,chutes_gol,7.5,71.1,1.407,9.83,,
2026-10-03,212654,UEFA Nations League,Croatia,England,chutes_gol,8.5,60.7,1.648,9.83,,
2026-10-03,212654,UEFA Nations League,Croatia,England,chutes_gol,9.5,50.0,2.0,9.83,,
2026-10-03,604508,Copa del Rey,Atletico Melilla CF,UD Pinatar,escanteios,7.5,64.7,1.545,9.53,,
2026-10-03,604508,Copa del Rey,Atletico Melilla CF,UD Pinatar,escanteios,8.5,55.1,1.816,9.53,,
2026-10-03,604508,Copa del Rey,Atletico Melilla CF,UD Pinatar,escanteios,9.5,45.7,2.189,9.53,,
2026-10-03,604508,Copa del Rey,Atletico Melilla CF,UD Pinatar,escanteios,10.5,37.0,2.704,9.53,,
2026-10-03,604508,Copa del Rey,Atletico Melilla CF,UD Pinatar,chutes,18.5,86.1,1.162,28.91,,
2026-10-03,604508,Copa del Rey,Atletico Melilla CF,UD Pinatar,chutes,20.5,78.9,1.267,28.91,,
2026-10-03,604508,Copa del Rey,Atletico Melilla CF,UD Pinatar,chutes,22.5,70.4,1.42,28.91,,
2026-10-03,604508,Copa del Rey,Atletico Melilla CF,UD Pinatar,chutes,24.5,60.9,1.643,28.91,,
2026-10-03,604508,Copa del Rey,Atletico Melilla CF,UD Pinatar,chutes_gol,6.5,80.4,1.243,9.83,,
2026-10-03,604508,Copa del Rey,Atletico Melilla CF,UD Pinatar,chutes_gol,7.5,71.1,1.407,9.83,,
2026-10-03,604508,Copa del Rey,Atletico Melilla CF,UD Pinatar,chutes_gol,8.5,60.7,1.648,9.83,,
2026-10-03,604508,Copa del Rey,Atletico Melilla CF,UD Pinatar,chutes_gol,9.5,50.0,2.0,9.83,,
2026-10-03,212633,UEFA Nations League,North Macedonia,Scotland,escanteios,7.5,64.7,1.545,9.53,,
2026-10-03,212633,UEFA Nations League,North Macedonia,Scotland,escanteios,8.5,55.1,1.816,9.53,,
2026-10-03,212633,UEFA Nations League,North Macedonia,Scotland,escanteios,9.5,45.7,2.189,9.53,,
2026-10-03,212633,UEFA Nations League,North Macedonia,Scotland,escanteios,10.5,37.0,2.704,9.53,,
2026-10-03,212633,UEFA Nations League,North Macedonia,Scotland,chutes,18.5,86.1,1.162,28.91,,
2026-10-03,212633,UEFA Nations League,North Macedonia,Scotland,chutes,20.5,78.9,1.267,28.91,,
2026-10-03,212633,UEFA Nations League,North Macedonia,Scotland,chutes,22.5,70.4,1.42,28.91,,
2026-10-03,212633,UEFA Nations League,North Macedonia,Scotland,chutes,24.5,60.9,1.643,28.91,,
2026-10-03,212633,UEFA Nations League,North Macedonia,Scotland,chutes_gol,6.5,80.4,1.243,9.83,,
2026-10-03,212633,UEFA Nations League,North Macedonia,Scotland,chutes_gol,7.5,71.1,1.407,9.83,,
2026-10-03,212633,UEFA Nations League,North Macedonia,Scotland,chutes_gol,8.5,60.7,1.648,9.83,,
2026-10-03,212633,UEFA Nations League,North Macedonia,Scotland,chutes_gol,9.5,50.0,2.0,9.83,,
2026-10-03,212634,UEFA Nations League,Switzerland,Slovenia,escanteios,7.5,64.7,1.545,9.53,,
2026-10-03,212634,UEFA Nations League,Switzerland,Slovenia,escanteios,8.5,55.1,1.816,9.53,,
2026-10-03,212634,UEFA Nations League,Switzerland,Slovenia,escanteios,9.5,45.7,2.189,9.53,,
2026-10-03,212634,UEFA Nations League,Switzerland,Slovenia,escanteios,10.5,37.0,2.704,9.53,,
2026-10-03,212634,UEFA Nations League,Switzerland,Slovenia,chutes,18.5,86.1,1.162,28.91,,
2026-10-03,212634,UEFA Nations League,Switzerland,Slovenia,chutes,20.5,78.9,1.267,28.91,,
2026-10-03,212634,UEFA Nations League,Switzerland,Slovenia,chutes,22.5,70.4,1.42,28.91,,
2026-10-03,212634,UEFA Nations League,Switzerland,Slovenia,chutes,24.5,60.9,1.643,28.91,,
2026-10-03,212634,UEFA Nations League,Switzerland,Slovenia,chutes_gol,6.5,80.4,1.243,9.83,,
2026-10-03,212634,UEFA Nations League,Switzerland,Slovenia,chutes_gol,7.5,71.1,1.407,9.83,,
2026-10-03,212634,UEFA Nations League,Switzerland,Slovenia,chutes_gol,8.5,60.7,1.648,9.83,,
2026-10-03,212634,UEFA Nations League,Switzerland,Slovenia,chutes_gol,9.5,50.0,2.0,9.83,,
2026-10-03,212658,UEFA Nations League,Spain,Czechia,escanteios,7.5,64.7,1.545,9.53,,
2026-10-03,212658,UEFA Nations League,Spain,Czechia,escanteios,8.5,55.1,1.816,9.53,,
2026-10-03,212658,UEFA Nations League,Spain,Czechia,escanteios,9.5,45.7,2.189,9.53,,
2026-10-03,212658,UEFA Nations League,Spain,Czechia,escanteios,10.5,37.0,2.704,9.53,,
2026-10-03,212658,UEFA Nations League,Spain,Czechia,chutes,18.5,86.1,1.162,28.91,,
2026-10-03,212658,UEFA Nations League,Spain,Czechia,chutes,20.5,78.9,1.267,28.91,,
2026-10-03,212658,UEFA Nations League,Spain,Czechia,chutes,22.5,70.4,1.42,28.91,,
2026-10-03,212658,UEFA Nations League,Spain,Czechia,chutes,24.5,60.9,1.643,28.91,,
2026-10-03,212658,UEFA Nations League,Spain,Czechia,chutes_gol,6.5,80.4,1.243,9.83,,
2026-10-03,212658,UEFA Nations League,Spain,Czechia,chutes_gol,7.5,71.1,1.407,9.83,,
2026-10-03,212658,UEFA Nations League,Spain,Czechia,chutes_gol,8.5,60.7,1.648,9.83,,
2026-10-03,212658,UEFA Nations League,Spain,Czechia,chutes_gol,9.5,50.0,2.0,9.83,,
2026-10-03,10155,Brasileirão Serie B,Atlético Goianiense,América Mineiro,escanteios,7.5,64.7,1.545,9.53,,
2026-10-03,10155,Brasileirão Serie B,Atlético Goianiense,América Mineiro,escanteios,8.5,55.1,1.816,9.53,,
2026-10-03,10155,Brasileirão Serie B,Atlético Goianiense,América Mineiro,escanteios,9.5,45.7,2.189,9.53,,
2026-10-03,10155,Brasileirão Serie B,Atlético Goianiense,América Mineiro,escanteios,10.5,37.0,2.704,9.53,,
2026-10-03,10155,Brasileirão Serie B,Atlético Goianiense,América Mineiro,chutes,18.5,86.1,1.162,28.91,,
2026-10-03,10155,Brasileirão Serie B,Atlético Goianiense,América Mineiro,chutes,20.5,78.9,1.267,28.91,,
2026-10-03,10155,Brasileirão Serie B,Atlético Goianiense,América Mineiro,chutes,22.5,70.4,1.42,28.91,,
2026-10-03,10155,Brasileirão Serie B,Atlético Goianiense,América Mineiro,chutes,24.5,60.9,1.643,28.91,,
2026-10-03,10155,Brasileirão Serie B,Atlético Goianiense,América Mineiro,chutes_gol,6.5,80.4,1.243,9.83,,
2026-10-03,10155,Brasileirão Serie B,Atlético Goianiense,América Mineiro,chutes_gol,7.5,71.1,1.407,9.83,,
2026-10-03,10155,Brasileirão Serie B,Atlético Goianiense,América Mineiro,chutes_gol,8.5,60.7,1.648,9.83,,
2026-10-03,10155,Brasileirão Serie B,Atlético Goianiense,América Mineiro,chutes_gol,9.5,50.0,2.0,9.83,,
2026-10-03,10158,Brasileirão Serie B,Cuiabá,Ponte Preta,escanteios,7.5,64.7,1.545,9.53,,
2026-10-03,10158,Brasileirão Serie B,Cuiabá,Ponte Preta,escanteios,8.5,55.1,1.816,9.53,,
2026-10-03,10158,Brasileirão Serie B,Cuiabá,Ponte Preta,escanteios,9.5,45.7,2.189,9.53,,
2026-10-03,10158,Brasileirão Serie B,Cuiabá,Ponte Preta,escanteios,10.5,37.0,2.704,9.53,,
2026-10-03,10158,Brasileirão Serie B,Cuiabá,Ponte Preta,chutes,18.5,86.1,1.162,28.91,,
2026-10-03,10158,Brasileirão Serie B,Cuiabá,Ponte Preta,chutes,20.5,78.9,1.267,28.91,,
2026-10-03,10158,Brasileirão Serie B,Cuiabá,Ponte Preta,chutes,22.5,70.4,1.42,28.91,,
2026-10-03,10158,Brasileirão Serie B,Cuiabá,Ponte Preta,chutes,24.5,60.9,1.643,28.91,,
2026-10-03,10158,Brasileirão Serie B,Cuiabá,Ponte Preta,chutes_gol,6.5,80.4,1.243,9.83,,
2026-10-03,10158,Brasileirão Serie B,Cuiabá,Ponte Preta,chutes_gol,7.5,71.1,1.407,9.83,,
2026-10-03,10158,Brasileirão Serie B,Cuiabá,Ponte Preta,chutes_gol,8.5,60.7,1.648,9.83,,
2026-10-03,10158,Brasileirão Serie B,Cuiabá,Ponte Preta,chutes_gol,9.5,50.0,2.0,9.83,,
2026-10-03,223121,CONCACAF Nations League,Sint Maarten,Saint Vincent and the Grenadines,escanteios,7.5,64.7,1.545,9.53,,
2026-10-03,223121,CONCACAF Nations League,Sint Maarten,Saint Vincent and the Grenadines,escanteios,8.5,55.1,1.816,9.53,,
2026-10-03,223121,CONCACAF Nations League,Sint Maarten,Saint Vincent and the Grenadines,escanteios,9.5,45.7,2.189,9.53,,
2026-10-03,223121,CONCACAF Nations League,Sint Maarten,Saint Vincent and the Grenadines,escanteios,10.5,37.0,2.704,9.53,,
2026-10-03,223121,CONCACAF Nations League,Sint Maarten,Saint Vincent and the Grenadines,chutes,18.5,86.1,1.162,28.91,,
2026-10-03,223121,CONCACAF Nations League,Sint Maarten,Saint Vincent and the Grenadines,chutes,20.5,78.9,1.267,28.91,,
2026-10-03,223121,CONCACAF Nations League,Sint Maarten,Saint Vincent and the Grenadines,chutes,22.5,70.4,1.42,28.91,,
2026-10-03,223121,CONCACAF Nations League,Sint Maarten,Saint Vincent and the Grenadines,chutes,24.5,60.9,1.643,28.91,,
2026-10-03,223121,CONCACAF Nations League,Sint Maarten,Saint Vincent and the Grenadines,chutes_gol,6.5,80.4,1.243,9.83,,
2026-10-03,223121,CONCACAF Nations League,Sint Maarten,Saint Vincent and the Grenadines,chutes_gol,7.5,71.1,1.407,9.83,,
2026-10-03,223121,CONCACAF Nations League,Sint Maarten,Saint Vincent and the Grenadines,chutes_gol,8.5,60.7,1.648,9.83,,
2026-10-03,223121,CONCACAF Nations League,Sint Maarten,Saint Vincent and the Grenadines,chutes_gol,9.5,50.0,2.0,9.83,,
2026-10-03,10157,Brasileirão Serie B,Botafogo-SP,Vila Nova FC,escanteios,7.5,64.7,1.545,9.53,,
2026-10-03,10157,Brasileirão Serie B,Botafogo-SP,Vila Nova FC,escanteios,8.5,55.1,1.816,9.53,,
2026-10-03,10157,Brasileirão Serie B,Botafogo-SP,Vila Nova FC,escanteios,9.5,45.7,2.189,9.53,,
2026-10-03,10157,Brasileirão Serie B,Botafogo-SP,Vila Nova FC,escanteios,10.5,37.0,2.704,9.53,,
2026-10-03,10157,Brasileirão Serie B,Botafogo-SP,Vila Nova FC,chutes,18.5,86.1,1.162,28.91,,
2026-10-03,10157,Brasileirão Serie B,Botafogo-SP,Vila Nova FC,chutes,20.5,78.9,1.267,28.91,,
2026-10-03,10157,Brasileirão Serie B,Botafogo-SP,Vila Nova FC,chutes,22.5,70.4,1.42,28.91,,
2026-10-03,10157,Brasileirão Serie B,Botafogo-SP,Vila Nova FC,chutes,24.5,60.9,1.643,28.91,,
2026-10-03,10157,Brasileirão Serie B,Botafogo-SP,Vila Nova FC,chutes_gol,6.5,80.4,1.243,9.83,,
2026-10-03,10157,Brasileirão Serie B,Botafogo-SP,Vila Nova FC,chutes_gol,7.5,71.1,1.407,9.83,,
2026-10-03,10157,Brasileirão Serie B,Botafogo-SP,Vila Nova FC,chutes_gol,8.5,60.7,1.648,9.83,,
2026-10-03,10157,Brasileirão Serie B,Botafogo-SP,Vila Nova FC,chutes_gol,9.5,50.0,2.0,9.83,,
2026-10-03,604491,Brasileirão Serie A,Atlético Mineiro,Red Bull Bragantino,escanteios,7.5,64.7,1.545,9.53,,
2026-10-03,604491,Brasileirão Serie A,Atlético Mineiro,Red Bull Bragantino,escanteios,8.5,55.1,1.816,9.53,,
2026-10-03,604491,Brasileirão Serie A,Atlético Mineiro,Red Bull Bragantino,escanteios,9.5,45.7,2.189,9.53,,
2026-10-03,604491,Brasileirão Serie A,Atlético Mineiro,Red Bull Bragantino,escanteios,10.5,37.0,2.704,9.53,,
2026-10-03,604491,Brasileirão Serie A,Atlético Mineiro,Red Bull Bragantino,chutes,18.5,86.1,1.162,28.91,,
2026-10-03,604491,Brasileirão Serie A,Atlético Mineiro,Red Bull Bragantino,chutes,20.5,78.9,1.267,28.91,,
2026-10-03,604491,Brasileirão Serie A,Atlético Mineiro,Red Bull Bragantino,chutes,22.5,70.4,1.42,28.91,,
2026-10-03,604491,Brasileirão Serie A,Atlético Mineiro,Red Bull Bragantino,chutes,24.5,60.9,1.643,28.91,,
2026-10-03,604491,Brasileirão Serie A,Atlético Mineiro,Red Bull Bragantino,chutes_gol,6.5,80.4,1.243,9.83,,
2026-10-03,604491,Brasileirão Serie A,Atlético Mineiro,Red Bull Bragantino,chutes_gol,7.5,71.1,1.407,9.83,,
2026-10-03,604491,Brasileirão Serie A,Atlético Mineiro,Red Bull Bragantino,chutes_gol,8.5,60.7,1.648,9.83,,
2026-10-03,604491,Brasileirão Serie A,Atlético Mineiro,Red Bull Bragantino,chutes_gol,9.5,50.0,2.0,9.83,,
